{"cameraMode":{"drawMode":0,"name":"Shaded","section":"Shading Mode"},"sceneLighting":true,"audioPlay":false,"sceneViewState":{"m_AlwaysRefresh":false,"showFog":true,"showSkybox":true,"showFlares":true,"showImageEffects":true,"showParticleSystems":true,"showVisualEffectGraphs":true,"m_FxEnabled":true},"in2DMode":false,"pivot":{"x":-4.452090740203857,"y":1.4709758758544922,"z":-3.8828258514404299},"rotation":{"x":0.364191472530365,"y":0.017709415405988694,"z":-0.006881104316562414,"w":0.9311991333961487},"size":12.697755813598633,"orthographic":false}